短肽类型,位置,氨基酸,全体频数,全体频率,强活性频数,强活性频率,频率差值_强减全体,log2FC_强_vs_全体
二肽,位置1,A,3,0.032967,0,0,-0.032967,-0.956498
二肽,位置1,C,0,0,0,0,0,1.85086
二肽,位置1,D,6,0.0659341,1,0.0555556,-0.0103785,-0.264621
二肽,位置1,E,4,0.043956,0,0,-0.043956,-1.31907
二肽,位置1,F,6,0.0659341,2,0.111111,0.045177,0.472345
二肽,位置1,G,12,0.131868,0,0,-0.131868,-2.793
二肽,位置1,H,3,0.032967,1,0.0555556,0.0225885,0.628464
二肽,位置1,I,3,0.032967,0,0,-0.032967,-0.956498
二肽,位置1,K,5,0.0549451,2,0.111111,0.0561661,0.713353
二肽,位置1,L,3,0.032967,0,0,-0.032967,-0.956498
二肽,位置1,M,5,0.0549451,1,0.0555556,0.000610501,-0.0236126
二肽,位置1,N,5,0.0549451,2,0.111111,0.0561661,0.713353
二肽,位置1,P,3,0.032967,1,0.0555556,0.0225885,0.628464
二肽,位置1,Q,4,0.043956,0,0,-0.043956,-1.31907
二肽,位置1,R,5,0.0549451,1,0.0555556,0.000610501,-0.0236126
二肽,位置1,S,3,0.032967,1,0.0555556,0.0225885,0.628464
二肽,位置1,T,2,0.021978,0,0,-0.021978,-0.471072
二肽,位置1,V,2,0.021978,2,0.111111,0.0891331,1.85086
二肽,位置1,W,9,0.0989011,3,0.166667,0.0677656,0.410284
二肽,位置1,Y,8,0.0879121,1,0.0555556,-0.0323565,-0.651644
二肽,位置2,A,10,0.10989,1,0.0555556,-0.0543346,-0.956498
二肽,位置2,C,0,0,0,0,0,1.85086
二肽,位置2,D,1,0.010989,0,0,-0.010989,0.265894
二肽,位置2,E,1,0.010989,0,0,-0.010989,0.265894
二肽,位置2,F,4,0.043956,1,0.0555556,0.0115995,0.265894
二肽,位置2,G,16,0.175824,0,0,-0.175824,-3.19354
二肽,位置2,H,4,0.043956,2,0.111111,0.0671551,1.00286
二肽,位置2,I,1,0.010989,0,0,-0.010989,0.265894
二肽,位置2,K,7,0.0769231,1,0.0555556,-0.0213675,-0.471072
二肽,位置2,L,10,0.10989,3,0.166667,0.0567766,0.265894
二肽,位置2,M,3,0.032967,0,0,-0.032967,-0.956498
二肽,位置2,N,2,0.021978,0,0,-0.021978,-0.471072
二肽,位置2,P,11,0.120879,2,0.111111,-0.00976801,-0.350777
二肽,位置2,Q,0,0,0,0,0,1.85086
二肽,位置2,R,6,0.0659341,1,0.0555556,-0.0103785,-0.264621
二肽,位置2,S,3,0.032967,0,0,-0.032967,-0.956498
二肽,位置2,T,3,0.032967,1,0.0555556,0.0225885,0.628464
二肽,位置2,V,2,0.021978,0,0,-0.021978,-0.471072
二肽,位置2,W,3,0.032967,3,0.166667,0.1337,1.85086
二肽,位置2,Y,4,0.043956,3,0.166667,0.122711,1.48829
