氨基酸,全体频数,全体频率,强活性频数,强活性频率,频率差值_强减全体,log2FC_强_vs_全体
E,4,0.0143369,0,0,-0.0143369,-2.05028
Q,4,0.0143369,0,0,-0.0143369,-2.05028
C,0,0,0,0,0,1.11964
R,11,0.0394265,2,0.0162602,-0.0231664,-1.08199
A,20,0.0716846,5,0.0406504,-0.0310342,-0.778477
V,27,0.0967742,21,0.170732,0.0739575,0.764548
G,32,0.114695,9,0.0731707,-0.0415246,-0.654797
W,11,0.0394265,3,0.0243902,-0.0150363,-0.596564
L,30,0.107527,20,0.162602,0.0550747,0.546458
H,7,0.0250896,2,0.0162602,-0.00882944,-0.465319
N,7,0.0250896,2,0.0162602,-0.00882944,-0.465319
S,4,0.0143369,1,0.00813008,-0.00620684,-0.465319
M,12,0.0430108,7,0.0569106,0.0138998,0.382678
D,9,0.0322581,3,0.0243902,-0.00786782,-0.320929
I,34,0.121864,19,0.154472,0.0326077,0.296521
Y,19,0.0681004,7,0.0569106,-0.0111898,-0.258868
T,8,0.0286738,4,0.0325203,0.00384649,0.202105
F,16,0.0573477,8,0.0650407,0.00769298,0.162712
P,15,0.0537634,6,0.0487805,-0.00498295,-0.134113
K,9,0.0322581,4,0.0325203,0.000262261,0.0416407
